timestamp,product_id,handle,title,chars
2026-07-18T14:25:25.190Z,gid://shopify/Product/14824425587074,"nike-air-max-95-central-cee-live-yours","Nike Air Max 95 Central Cee Live Yours",1030
2026-07-18T14:25:25.193Z,gid://shopify/Product/14896528589186,"adidas-samba-nylon-wales-bonner-desert-white","adidas Samba Nylon Wales Bonner Desert White",941
2026-07-18T14:25:25.193Z,gid://shopify/Product/14896529310082,"adidas-samba-og-brown-putty-grey","adidas Samba OG Brown Putty Grey",1068
2026-07-18T14:25:25.193Z,gid://shopify/Product/14896529539458,"adidas-samba-og-earth-strata-gum-womens","adidas Samba OG Earth Strata Gum (Women's)",1055
2026-07-18T14:25:25.193Z,gid://shopify/Product/14896529998210,"adidas-samba-og-silver-dawn-chalk","adidas Samba OG Silver Dawn Chalk",1000
2026-07-18T14:25:25.193Z,gid://shopify/Product/14896530293122,"adidas-samba-og-wonder-taupe-womens","adidas Samba OG Wonder Taupe (Women's)",891
2026-07-18T14:25:25.194Z,gid://shopify/Product/14896530489730,"adidas-sambae-hello-kitty-womens","adidas Sambae Hello Kitty (Women's)",1067
2026-07-18T14:25:25.194Z,gid://shopify/Product/14896530751874,"adidas-handball-spezial-collegiate-green-semi-green-spark-womens","adidas Handball Spezial Collegiate Green Semi Green Spark (Women's)",1010
2026-07-18T14:25:25.194Z,gid://shopify/Product/14896531079554,"adidas-handball-spezial-lucid-pink-almost-yellow-womens","adidas Handball Spezial Lucid Pink Almost Yellow (Women's)",1096
2026-07-18T14:25:25.194Z,gid://shopify/Product/14896531407234,"adidas-handball-spezial-shadow-red-womens","adidas Handball Spezial Shadow Red (Women's)",903
2026-07-18T14:25:25.194Z,gid://shopify/Product/14896531669378,"adidas-gazelle-bold-true-pink-womens","adidas Gazelle Bold True Pink (Women's)",926
2026-07-18T14:25:25.194Z,gid://shopify/Product/14896531931522,"adidas-gazelle-indoor-cream-white-collegiate-green-gum","adidas Gazelle Indoor Cream White Collegiate Green Gum",1028
2026-07-18T14:25:25.194Z,gid://shopify/Product/14896532226434,"adidas-gazelle-indoor-sandy-pink-womens","adidas Gazelle Indoor Sandy Pink (Women's)",1064
2026-07-18T14:25:25.194Z,gid://shopify/Product/14896533864834,"onitsuka-tiger-mexico-66-vintage-birch-cactus-green","Onitsuka Tiger Mexico 66 Vintage Birch Cactus Green",1003
2026-07-18T14:25:25.194Z,gid://shopify/Product/14896535142786,"asics-gel-kayano-14-cream-pepper-womens","ASICS Gel-Kayano 14 Cream Pepper (Women's)",1186
2026-07-18T14:25:25.194Z,gid://shopify/Product/14896535536002,"asics-gel-1130-black-glacier-grey","ASICS Gel-1130 Black Glacier Grey",1104
2026-07-18T14:25:25.194Z,gid://shopify/Product/14896535798146,"asics-gel-1130-glacier-grey-black","ASICS Gel-1130 Glacier Grey Black",984
2026-07-18T14:25:25.194Z,gid://shopify/Product/14896536158594,"asics-gel-1130-white-black-gold","ASICS Gel-1130 White Black Gold",1040
2026-07-18T14:25:25.194Z,gid://shopify/Product/14896536519042,"asics-gel-1130-white-neutral-pink-womens","ASICS Gel-1130 White Neutral Pink (Women's)",1040
2026-07-18T14:25:25.194Z,gid://shopify/Product/14896536879490,"asics-gel-nyc-concrete-oatmeal","ASICS Gel-NYC Concrete Oatmeal",1090
2026-07-18T14:25:25.194Z,gid://shopify/Product/14896537141634,"asics-gel-nyc-kicki-yang-zhang-black-pure-silver","ASICS Gel-NYC Kicki Yang Zhang Black Pure Silver",1154
2026-07-18T14:25:25.194Z,gid://shopify/Product/14896554606978,"ugg-disquette-slipper-sand-womens","UGG Disquette Slipper Sand (Women's)",937
2026-07-18T14:25:25.194Z,gid://shopify/Product/14896555065730,"ugg-classic-ultra-mini-platform-black-w","UGG Classic Ultra Mini Platform Boot Black (Women's)",933
2026-07-18T14:25:25.194Z,gid://shopify/Product/14896555590018,"ugg-lowmel-hickory-womens","UGG Lowmel Hickory (Women's)",1048
2026-07-18T14:25:25.194Z,gid://shopify/Product/14896556638594,"ugg-tasman-slipper-black","UGG Tasman Slipper Black",902
2026-07-18T14:25:25.194Z,gid://shopify/Product/14896557261186,"ugg-tazz-slipper-black-w","UGG Tazz Slipper Black (Women's)",932
2026-07-18T14:25:25.194Z,gid://shopify/Product/14896784343426,"nike-air-max-plus-phantom-cargo-khaki","Nike Air Max Plus Phantom Cargo Khaki",1185
2026-07-18T14:25:25.195Z,gid://shopify/Product/14896784605570,"nike-air-max-plus-premium-black-racer-blue","Nike Air Max Plus Premium Black Racer Blue",1143
2026-07-18T14:25:25.195Z,gid://shopify/Product/14896784900482,"nike-air-max-plus-black-opti-yellow","Nike Air Max Plus Black Opti Yellow",1176
2026-07-18T14:25:25.195Z,gid://shopify/Product/14896785129858,"nike-air-max-plus-light-photography","Nike Air Max Plus Light Photography",1184
2026-07-18T14:25:25.195Z,gid://shopify/Product/14896785326466,"nike-air-max-plus-drift-midnight-navy-total-orange","Nike Air Max Plus Drift Midnight Navy Total Orange",1323
2026-07-18T14:25:25.195Z,gid://shopify/Product/14896786112898,"nike-zoom-vomero-5-phantom-light-iron-ore-womens","Nike Zoom Vomero 5 Phantom Light Iron Ore (Women's)",1210
2026-07-18T14:25:25.195Z,gid://shopify/Product/14896786375042,"nike-zoom-vomero-5-sp-vast-grey","Nike Zoom Vomero 5 SP Vast Grey",848
2026-07-18T14:25:25.195Z,gid://shopify/Product/14896786571650,"nike-zoom-vomero-5-blue-glaze-total-orange-womens","Nike Zoom Vomero 5 Blue Glaze Total Orange (Women's)",1215
2026-07-18T14:25:25.195Z,gid://shopify/Product/14896786768258,"nike-zoom-vomero-5-lakeside","Nike Zoom Vomero 5 Lakeside",1030
2026-07-18T14:25:25.195Z,gid://shopify/Product/14896786997634,"nike-zoom-vomero-5-sashiko","Nike Zoom Vomero 5 Sashiko",1363
2026-07-18T14:25:25.195Z,gid://shopify/Product/14896787194242,"nike-zoom-vomero-5-white-racer-blue-black","Nike Zoom Vomero 5 White Racer Blue Black",866
2026-07-18T14:25:25.195Z,gid://shopify/Product/14896787423618,"new-balance-9060-fuchsia-pink","New Balance 9060 Fuchsia Pink",1176
2026-07-18T14:25:25.195Z,gid://shopify/Product/14896787620226,"new-balance-9060-sea-salt","New Balance 9060 Sea Salt",903
2026-07-18T14:25:25.195Z,gid://shopify/Product/14896787816834,"new-balance-9060-new-spruce","New Balance 9060 New Spruce",1172
2026-07-18T14:27:02.938Z,gid://shopify/Product/14896788013442,"new-balance-9060-white-navy","New Balance 9060 White Navy",1026
2026-07-18T14:27:02.940Z,gid://shopify/Product/14896788210050,"nike-p-6000-metallic-silver","Nike P-6000 Metallic Silver",1120
2026-07-18T14:27:02.940Z,gid://shopify/Product/14896788406658,"nike-p-6000-summit-white-pure-platinum-womens","Nike P-6000 Summit White Pure Platinum (Women's)",1120
2026-07-18T14:27:02.940Z,gid://shopify/Product/14896788603266,"nike-p-6000-black-black-white","Nike P-6000 Black Black White",1052
2026-07-18T14:27:02.940Z,gid://shopify/Product/14896788865410,"nike-p-6000-sail-wolf-grey","Nike P-6000 Sail Wolf Grey",1109
2026-07-18T14:27:02.940Z,gid://shopify/Product/14896789094786,"nike-p-6000-coconut-milk-medium-blue","Nike P-6000 Athletic Department Coconut Milk Medium Blue",1128
2026-07-18T14:27:02.940Z,gid://shopify/Product/14896789356930,"nike-p-6000-pure-platinum","Nike P-6000 Pure Platinum",896
2026-07-18T14:27:02.940Z,gid://shopify/Product/14896790798722,"nike-hot-step-2-drake-nocta-white","Nike Hot Step 2 Drake NOCTA White",1038
2026-07-18T14:27:02.940Z,gid://shopify/Product/14896791028098,"nike-dunk-sb-low-fog","Nike SB Dunk Low Fog",941
2026-07-18T14:27:02.940Z,gid://shopify/Product/14896791224706,"nike-sb-dunk-low-the-powerpuff-girls-blossom","Nike SB Dunk Low The Powerpuff Girls Blossom",942
2026-07-18T14:27:02.941Z,gid://shopify/Product/14896791421314,"nike-sb-dunk-low-pro-triple-black","Nike SB Dunk Low Pro Triple Black",1098
2026-07-18T14:27:02.941Z,gid://shopify/Product/14896791617922,"nike-sb-dunk-low-jarritos","Nike SB Dunk Low Jarritos",977
2026-07-18T14:27:02.941Z,gid://shopify/Product/14898950013314,"adidas-handball-spezial-green-pink-velvet-womens","adidas Handball Spezial Green Pink Velvet (Women's)",1136
2026-07-18T14:27:02.941Z,gid://shopify/Product/14898950275458,"adidas-handball-spezial-core-black-white","adidas Handball Spezial Core Black White",1150
2026-07-18T14:27:02.941Z,gid://shopify/Product/14898950603138,"adidas-handball-spezial-carpet-pack-collegiate-green-womens","adidas Handball Spezial Carpet Pack Collegiate Green (Women's)",1051
2026-07-18T14:27:02.941Z,gid://shopify/Product/14898951258498,"adidas-handball-spezial-cloud-white","adidas Handball Spezial Cloud White",1071
2026-07-18T14:27:02.941Z,gid://shopify/Product/14899145605506,"asics-gel-kayano-14-pink-glo","ASICS Gel-Kayano 14 Pink Glo",1053
2026-07-18T14:27:02.941Z,gid://shopify/Product/14899347227010,"adidas-samba-og-cardboard","adidas Samba OG Cardboard",1054
2026-07-18T14:27:02.941Z,gid://shopify/Product/14899347521922,"adidas-samba-og-collegiate-green","adidas Samba OG Collegiate Green",1086
2026-07-18T14:27:02.941Z,gid://shopify/Product/14899347718530,"adidas-samba-wales-bonner-studded-pack-cream-white","adidas Samba Wales Bonner Studded Pack Cream White",1252
2026-07-18T14:27:02.942Z,gid://shopify/Product/14899348013442,"adidas-samba-og-white-silver-metallic-grey-womens","adidas Samba OG White Silver Metallic Grey (Women's)",1151
2026-07-18T14:27:02.942Z,gid://shopify/Product/14899348242818,"adidas-samba-og-focus-olive-gum","adidas Samba OG Focus Olive Gum",1248
2026-07-18T14:27:02.942Z,gid://shopify/Product/14899348439426,"adidas-samba-og-preloved-brown-olive-strata","adidas Samba OG Preloved Brown Olive Strata",1356
2026-07-18T14:27:02.942Z,gid://shopify/Product/14900372144514,"nike-book-1-forrest-gump","Nike Book 1 Forrest Gump Cortez",1025
2026-07-18T14:27:02.942Z,gid://shopify/Product/14900372406658,"nike-kobe-8-protro-lakers-home","Nike Kobe 8 Protro Lakers Home",922
2026-07-18T14:27:02.942Z,gid://shopify/Product/14900372799874,"nike-kobe-8-protro-wolf-grey","Nike Kobe 8 Protro Wolf Grey",1098
2026-07-18T14:27:02.942Z,gid://shopify/Product/14900373062018,"adidas-ae-1-preloved-purple","adidas AE 1 Preloved Purple",1046
2026-07-18T14:27:02.942Z,gid://shopify/Product/14900373356930,"adidas-ae-1-georgia-bulldogs","adidas AE 1 Georgia Bulldogs",1126
2026-07-18T14:27:02.942Z,gid://shopify/Product/14900373586306,"nike-kyrie-8-white-red","Nike Kyrie 8 White University Red",1006
2026-07-18T14:27:02.942Z,gid://shopify/Product/14900373815682,"nike-kobe-8-protro-mambacita","Nike Kobe 8 Protro Mambacita",1062
2026-07-18T14:27:02.942Z,gid://shopify/Product/14900374077826,"adidas-ae-1-low-mx-grey","adidas AE 1 Low Ascent Pack MX Grey",1057
2026-07-18T14:27:02.942Z,gid://shopify/Product/14900374339970,"nike-lebron-20-laser-orange","Nike LeBron 20 Laser Orange",1042
2026-07-18T14:27:02.942Z,gid://shopify/Product/14900374634882,"nike-kobe-8-protro-triple-white","Nike Kobe 8 Protro Halo",876
2026-07-18T14:27:02.943Z,gid://shopify/Product/14900375028098,"nike-kd-17-easy-money-all-star","Nike KD 17 Easy Money All-Star",1139
2026-07-18T14:27:02.943Z,gid://shopify/Product/14900375290242,"nike-book-1-sedona","Nike Book 1 Sedona",1034
2026-07-18T14:27:02.943Z,gid://shopify/Product/14900375552386,"nike-kd-3-retro-christmas-2023","Nike KD 3 Christmas (2023)",1083
2026-07-18T14:27:02.943Z,gid://shopify/Product/14900375847298,"nike-kobe-6-protro-reverse-grinch-gs","Nike Kobe 6 Protro Reverse Grinch (GS)",512
2026-07-18T14:27:02.943Z,gid://shopify/Product/14900376109442,"nike-kd-17-sunrise","Nike KD 17 Sunrise",1377
2026-07-18T14:27:02.943Z,gid://shopify/Product/14900376469890,"nike-kd-17-usa","Nike KD 17 USA",1250
2026-07-18T14:27:02.943Z,gid://shopify/Product/14900376699266,"nike-kobe-9-elite-protro-masterpiece","Nike Kobe 9 Elite Protro Masterpiece",1383
2026-07-18T14:28:30.643Z,gid://shopify/Product/14900689371522,"nike-air-max-dn-black-dark-smoke-grey","Nike Air Max Dn Black Dark Smoke Grey",1009
2026-07-18T14:28:30.645Z,gid://shopify/Product/14900886307202,"asics-gel-nyc-white-feather-grey","ASICS Gel-NYC White Feather Grey",873
2026-07-18T14:28:30.645Z,gid://shopify/Product/14900886602114,"asics-gel-nyc-bleach-renji-abarai","ASICS Gel-NYC BLEACH Renji Abarai",938
2026-07-18T14:28:30.645Z,gid://shopify/Product/14901119025538,"air-jordan-4-retro-frozen-moments-womens","Jordan 4 Retro Frozen Moments (Women's)",882
2026-07-18T14:28:30.645Z,gid://shopify/Product/14901119713666,"air-jordan-4-retro-red-cement","Jordan 4 Retro Red Cement",887
2026-07-18T14:28:30.645Z,gid://shopify/Product/14901120237954,"air-jordan-4-retro-fear-2024","Jordan 4 Retro Fear (2024)",897
2026-07-18T14:28:30.645Z,gid://shopify/Product/14901120532866,"air-jordan-4-retro-red-thunder-gs","Jordan 4 Retro Red Thunder (GS)",950
2026-07-18T14:28:30.645Z,gid://shopify/Product/14902041739650,"asics-gel-kayano-14-cream-black-metallic-plum","ASICS Gel-Kayano 14 Cream Black Metallic Plum",939
2026-07-18T14:28:30.645Z,gid://shopify/Product/14902246834562,"nike-air-max-1-premium-dark-smoke-grey","Nike Air Max 1 Premium Dark Smoke Grey",1002
2026-07-18T14:28:30.646Z,gid://shopify/Product/14902247063938,"nike-air-max-1-patta-waves-rush-maroon-with-bracelet","Nike Air Max 1 Patta Waves Rush Maroon (with Bracelet)",902
2026-07-18T14:28:30.646Z,gid://shopify/Product/14902247293314,"nike-air-max-1-86-prm-powerwall-brs","Nike Air Max 1 '86 PRM Powerwall BRS",982
2026-07-18T14:28:30.646Z,gid://shopify/Product/14902247522690,"nike-air-max-1-86-jackie-robinson","Nike Air Max 1 '86 OG Jackie Robinson",1043
2026-07-18T14:28:30.646Z,gid://shopify/Product/14902247719298,"nike-air-max-1-gym-red-crimson","Nike Air Max 1 Gym Red Crimson",989
2026-07-18T14:28:30.646Z,gid://shopify/Product/14902247915906,"nike-air-max-1-white-university-blue","Nike Air Max 1 White University Blue",1001
2026-07-18T14:28:30.646Z,gid://shopify/Product/14902248145282,"nike-air-max-1-keep-rippin-stop-slippin-20","Nike Air Max 1 Keep Rippin Stop Slippin 2.0",1052
2026-07-18T14:28:30.646Z,gid://shopify/Product/14902248341890,"nike-air-max-1-crepe-soft-grey","Nike Air Max 1 Crepe Soft Grey",901
2026-07-18T14:28:30.646Z,gid://shopify/Product/14903015571842,"nike-air-max-dn-black-white-cool-grey","Nike Air Max Dn Black White Cool Grey",977
2026-07-18T14:28:30.646Z,gid://shopify/Product/14903063511426,"onitsuka-tiger-mexico-66-kill-bill-2022","Onitsuka Tiger Mexico 66 Kill Bill",913
2026-07-18T14:28:30.646Z,gid://shopify/Product/14903069180290,"onitsuka-tiger-tokuten-white-black-gold","Onitsuka Tiger Tokuten White Black Gold",971
2026-07-18T14:28:30.647Z,gid://shopify/Product/14903313662338,"golden-goose-super-star-white-vacchetta-tan-grey-suede-patch","Golden Goose Super-Star White Vacchetta Tan Grey Suede Patch",814
2026-07-18T14:28:30.647Z,gid://shopify/Product/14903314022786,"air-jordan-1-retro-low-og-sp-travis-scott-canary-womens","Jordan 1 Retro Low OG SP Travis Scott Canary (Women's)",1039
2026-07-18T14:28:30.647Z,gid://shopify/Product/14904605376898,"nike-shox-tl-white-metallic-silver-w","Nike Shox TL White Metallic Silver Max Orange (Women's)",1049
2026-07-18T14:28:30.647Z,gid://shopify/Product/14905942278530,"nike-air-vapormax-plus-white","Nike Air VaporMax Plus White",820
2026-07-18T14:28:30.647Z,gid://shopify/Product/14905942901122,"nike-air-max-270-triple-black","Nike Air Max 270 Triple Black",827
2026-07-18T14:28:30.647Z,gid://shopify/Product/14905943458178,"nike-air-max-270-white-black","Nike Air Max 270 White Black",815
2026-07-18T14:28:30.647Z,gid://shopify/Product/14905943785858,"nike-air-max-90-gore-tex-infrared","Nike Air Max 90 Gore-Tex Infrared",1019
2026-07-18T14:28:30.647Z,gid://shopify/Product/14905944244610,"nike-air-max-90-black-tiffany","Nike Air Max 90 Black Tiffany",1012
2026-07-18T14:28:30.647Z,gid://shopify/Product/14905944539522,"nike-air-max-180-ultramarine-2024","Nike Air Max 180 Ultramarine (2024)",954
2026-07-18T14:28:30.647Z,gid://shopify/Product/14905944899970,"nike-air-max-180-dusty-cactus","Nike Air Max 180 Dusty Cactus",1037
2026-07-18T14:28:30.647Z,gid://shopify/Product/14905945260418,"nike-air-vapormax-2023-flyknit-triple-red","Nike Air VaporMax 2023 Flyknit Triple Red",877
2026-07-18T14:28:30.647Z,gid://shopify/Product/14906149208450,"nike-air-max-plus-summer-gradient-w","Nike Air Max Plus Summer Gradient (Women's)",1171
2026-07-18T14:28:30.647Z,gid://shopify/Product/14906152190338,"nike-air-max-plus-og-hyper-blue","Nike Air Max Plus OG Hyper Blue",1111
2026-07-18T14:28:30.647Z,gid://shopify/Product/14906736869762,"nike-shox-ride-2-anthracite-jade-horizon","Nike Shox Ride 2 Anthracite Jade Horizon",908
2026-07-18T14:28:30.647Z,gid://shopify/Product/14906737197442,"nike-shox-r4-white-metallic-w","Nike Shox R4 White Metallic Silver (Women's)",1019
2026-07-18T14:28:30.648Z,gid://shopify/Product/14906737525122,"nike-shox-r4-white-bright-crimson-metallic-silver","Nike Shox R4 White Bright Crimson Metallic Silver",985
2026-07-18T14:28:30.648Z,gid://shopify/Product/14906737983874,"nike-shox-tl-chrome-womens","Nike Shox TL Chrome (Women's)",966
2026-07-18T14:28:30.648Z,gid://shopify/Product/14906738934146,"nike-shox-mr4-mule-martine-rose-safety-orange","Nike Shox MR4 Mule Martine Rose Safety Orange",1020
2026-07-18T14:28:30.648Z,gid://shopify/Product/14906752762242,"nike-air-max-95-essential-white-grey-fog","Nike Air Max 95 Essential White Grey Fog",937
2026-07-18T14:28:30.648Z,gid://shopify/Product/14906761085314,"nike-air-max-plus-grey-university-blue-black","Nike Air Max Plus Grey University Blue Black",1068
2026-07-18T14:28:30.648Z,gid://shopify/Product/14906796573058,"rigorer-ar1-silent-night","Rigorer AR1 Silent Night",927
2026-07-18T14:30:06.863Z,gid://shopify/Product/14907639562626,"nike-air-max-95-og-neon-2020","Nike Air Max 95 OG Neon (2020)",1223
2026-07-18T14:30:06.864Z,gid://shopify/Product/14907639890306,"nike-air-max-95-denham","Nike Air Max 95 Denham",1040
2026-07-18T14:30:06.864Z,gid://shopify/Product/14907640283522,"nike-air-max-95-anthracite-team-red","Nike Air Max 95 Anthracite Team Red",1070
2026-07-18T14:30:06.864Z,gid://shopify/Product/14907641102722,"nike-air-max-95-kim-jones-total-volt","Nike Air Max 95 Kim Jones Total Volt",1268
2026-07-18T14:30:06.864Z,gid://shopify/Product/14907641561474,"nike-air-max-95-black-grey-safety-orange","Nike Air Max 95 Black Grey Safety Orange",1257
2026-07-18T14:30:06.864Z,gid://shopify/Product/14907641856386,"nike-air-max-95-light-smoke-grey-anthracite","Nike Air Max 95 LIght Smoke Grey Anthracite",1002
2026-07-18T14:30:06.864Z,gid://shopify/Product/14907642282370,"nike-air-max-95-black-neon","Nike Air Max 95 Black Neon",1314
2026-07-18T14:30:06.864Z,gid://shopify/Product/14908112830850,"air-jordan-3-retro-black-cat-2025","Jordan 3 Retro Black Cat (2025)",1139
2026-07-18T14:30:06.864Z,gid://shopify/Product/14908113387906,"adidas-yeezy-boost-350-v2-onyx","adidas Yeezy Boost 350 V2 Onyx",829
2026-07-18T14:30:06.864Z,gid://shopify/Product/14908114239874,"nike-dunk-low-grey-fog","Nike Dunk Low Grey Fog",795
2026-07-18T14:30:06.864Z,gid://shopify/Product/14908114829698,"nike-dunk-low-photon-dust-w","Nike Dunk Low Photon Dust (Women's)",793
2026-07-18T14:30:06.864Z,gid://shopify/Product/14908115353986,"nike-dunk-low-year-of-the-snake-2025","Nike Dunk Low Retro Year of the Snake (2025)",1191
2026-07-18T14:30:06.864Z,gid://shopify/Product/14908115845506,"air-jordan-3-retro-lucky-shorts","Jordan 3 Retro Lucky Shorts",1289
2026-07-18T14:30:06.864Z,gid://shopify/Product/14908116566402,"adidas-campus-light-bad-bunny-brown","adidas Campus Light Bad Bunny Chalky Brown",1413
2026-07-18T14:30:06.864Z,gid://shopify/Product/14908117123458,"new-balance-1906r-white-gold","New Balance 1906R White Metallic Gold",1053
2026-07-18T14:30:06.864Z,gid://shopify/Product/14908117909890,"nike-dunk-low-cacao-wow-womens","Nike Dunk Low Cacao Wow (Women's)",928
2026-07-18T14:30:06.864Z,gid://shopify/Product/14908118696322,"adidas-campus-00s-grey-white","adidas Campus 00s Grey White",1197
2026-07-18T14:30:06.864Z,gid://shopify/Product/14908119351682,"air-jordan-3-retro-black-cat-2025-gs","Jordan 3 Retro Black Cat (2025) (GS)",1164
2026-07-18T14:30:06.864Z,gid://shopify/Product/14908119974274,"air-jordan-11-retro-cool-grey-2021","Jordan 11 Retro Cool Grey (2021)",987
2026-07-18T14:30:06.864Z,gid://shopify/Product/14908120629634,"air-jordan-3-retro-craft-ivory","Jordan 3 Retro Craft Ivory",1167
2026-07-18T14:30:06.864Z,gid://shopify/Product/14908121383298,"air-jordan-1-mid-light-smoke-grey","Jordan 1 Mid Light Smoke Grey",1060
2026-07-18T14:30:06.864Z,gid://shopify/Product/14908122202498,"nike-dunk-low-glacier-blue","Nike Dunk Low Glacier Blue",1286
2026-07-18T14:30:06.865Z,gid://shopify/Product/14908122857858,"nike-dunk-high-wu-tang-2024","Nike Dunk High Wu-Tang (2024)",1319
2026-07-18T14:30:06.865Z,gid://shopify/Product/14908123480450,"adidas-sambae-valentines-day-womens","adidas Sambae Valentine's Day (Women's)",1271
2026-07-18T14:30:06.865Z,gid://shopify/Product/14908123906434,"air-jordan-1-mid-space-jam","Jordan 1 Mid SE Space Jam",1013
2026-07-18T14:30:06.865Z,gid://shopify/Product/14908124332418,"air-jordan-6-retro-reverse-oreo","Jordan 6 Retro Reverse Oreo",1398
2026-07-18T14:30:06.865Z,gid://shopify/Product/14908124987778,"air-jordan-4-rm-sp-nigel-sylvester-iron-grey","Jordan 4 RM SP Nigel Sylvester Driveway Grey",1361
2026-07-18T14:30:06.865Z,gid://shopify/Product/14908125380994,"air-jordan-12-retro-red-taxi","Jordan 12 Retro Taxi Flip",1300
2026-07-18T14:30:06.865Z,gid://shopify/Product/14908125774210,"new-balance-990v6-grey","New Balance 990v6 MiUSA Grey",1026
2026-07-18T14:30:06.865Z,gid://shopify/Product/14908126265730,"air-jordan-1-retro-high-og-yellow-toe","Jordan 1 Retro High OG Taxi",1029
2026-07-18T14:30:06.865Z,gid://shopify/Product/14908126658946,"air-jordan-11-retro-concord-2018","Jordan 11 Retro Concord (2018)",857
2026-07-18T14:30:06.865Z,gid://shopify/Product/14908127084930,"air-jordan-1-retro-high-og-lucky-green","Jordan 1 Retro High OG Lucky Green",1015
2026-07-18T14:30:06.865Z,gid://shopify/Product/14908127609218,"adidas-yeezy-700-v3-fade-carbon","adidas Yeezy 700 V3 Fade Carbon",820
2026-07-18T14:30:06.865Z,gid://shopify/Product/14908128035202,"adidas-yeezy-boost-350-v2-dazzling-blue","adidas Yeezy Boost 350 V2 Dazzling Blue",791
2026-07-18T14:30:06.865Z,gid://shopify/Product/14908128559490,"air-jordan-11-retro-low-space-jam-gs","Jordan 11 Retro Low Space Jam (GS)",1299
2026-07-18T14:30:06.865Z,gid://shopify/Product/14908128985474,"new-balance-2002r-off-white","New Balance 2002R Off White",1139
2026-07-18T14:30:06.866Z,gid://shopify/Product/14908129378690,"air-jordan-1-retro-high-og-lost-and-found-td","Jordan 1 Retro High OG Chicago Lost and Found (TD)",1202
2026-07-18T14:30:06.866Z,gid://shopify/Product/14908129673602,"new-balance-550-white-green","New Balance 550 White Green",776
2026-07-18T14:30:06.866Z,gid://shopify/Product/14908129968514,"air-jordan-1-low-wolf-grey-midnight-navy","Jordan 1 Low Wolf Grey Midnight Navy",1365
2026-07-18T14:30:06.866Z,gid://shopify/Product/14908130427266,"air-jordan-1-low-og-neutral-grey","Jordan 1 Low OG Neutral Grey (2021/2024)",771
2026-07-18T14:31:13.672Z,gid://shopify/Product/14908131115394,"nike-dunk-low-veneer-2020","Nike Dunk Low Veneer (2020/2024)",1215
2026-07-18T14:31:13.674Z,gid://shopify/Product/14922566599042,"adidas-gazelle-bold-wonder-quartz-black-gum-womens","adidas Gazelle Bold Wonder Quartz Black Gum (Women's)",1348
2026-07-18T14:31:13.674Z,gid://shopify/Product/14922566861186,"adidas-gazelle-indoor-magic-beige-womens","adidas Gazelle Indoor Magic Beige (Women's)",1416
2026-07-18T14:31:13.674Z,gid://shopify/Product/14922567156098,"adidas-gazelle-indoor-brown-velvet-womens","adidas Gazelle Indoor Brown Velvet (Women's)",1154
2026-07-18T14:31:13.674Z,gid://shopify/Product/14922567516546,"adidas-gazelle-navy-white","adidas Gazelle Navy White",1596
2026-07-18T14:31:13.674Z,gid://shopify/Product/14922567909762,"adidas-gazelle-bold-red-cloud-white-womens","adidas Gazelle Bold Red Cloud White (Women's)",1495
2026-07-18T14:31:13.674Z,gid://shopify/Product/14922568270210,"adidas-gazelle-indoor-shadow-red-shadow-green","adidas Gazelle Indoor Shadow Red Shadow Green",1353
2026-07-18T14:31:13.674Z,gid://shopify/Product/14922568597890,"adidas-gazelle-indoor-semi-pink-spark-preloved-scarlet-womens","adidas Gazelle Indoor Semi Pink Spark Preloved Scarlet (Women's)",1612
2026-07-18T14:31:13.674Z,gid://shopify/Product/14926790689154,"adidas-yeezy-boost-700-v3-azael","adidas Yeezy 700 V3 Azael",1245
2026-07-18T14:31:13.674Z,gid://shopify/Product/14926791344514,"adidas-yeezy-boost-700-v2-tephra","adidas Yeezy Boost 700 V2 Tephra",704
2026-07-18T14:31:13.674Z,gid://shopify/Product/14926791606658,"adidas-yeezy-700-v3-arzareth","adidas Yeezy 700 V3 Arzareth",770
2026-07-18T14:31:13.674Z,gid://shopify/Product/14926791934338,"adidas-yeezy-boost-700-mnvn-triple-black","adidas Yeezy Boost 700 MNVN Triple Black",907
2026-07-18T14:31:13.675Z,gid://shopify/Product/14926792327554,"adidas-yeezy-700-v3-alvah","adidas Yeezy 700 V3 Alvah",851
2026-07-18T14:31:13.675Z,gid://shopify/Product/14926940930434,"asics-gel-1130-white-pure-silver-pink-womens","ASICS Gel-1130 White Pure Silver Pink (Women's)",1441
2026-07-18T14:31:13.675Z,gid://shopify/Product/14929944871298,"nike-reactx-rejuven8-light-orewood-brown","Nike ReactX Rejuven8 Light Orewood Brown",1304
2026-07-18T14:31:13.675Z,gid://shopify/Product/14929946378626,"nike-zoom-field-jaxx-travis-scott-light-chocolate","Nike Zoom Field Jaxx Travis Scott Light Chocolate",1618
2026-07-18T14:31:13.675Z,gid://shopify/Product/14929948049794,"nike-sb-dunk-low-the-wizard-of-oz-poppy-field","Nike SB Dunk Low The Wizard of Oz Poppy Field",1620
2026-07-18T14:31:13.675Z,gid://shopify/Product/14936280203650,"nike-sb-dunk-high-oski-shark","Nike SB Dunk High Oski Shark",890
2026-07-18T14:31:13.675Z,gid://shopify/Product/15110631981442,"nike-air-trainer-1-sp-travis-scott-wheat","Nike Air Trainer 1 SP Travis Scott Wheat",1091
2026-07-18T14:31:13.675Z,gid://shopify/Product/15110684148098,"nike-dunk-low-safari-mix-w","Nike Dunk Low Safari Mix (Women's)",945
2026-07-18T14:31:13.675Z,gid://shopify/Product/15115003986306,"the-marc-jacobs-the-tote-bag-small-black","Marc Jacobs The Tote Bag Small Black",1019
